timestamp,accelerometer_x,accelerometer_y,accelerometer_z
2026-09-21T22:02:43.257,0.2967100143432617,0.04546362906694412,9.879964828491211
2026-09-21T22:04:52.472,-0.349352091550827,6.556334018707275,7.252645492553711
2026-09-21T22:04:53.495,-0.19381862878799438,7.130611419677734,6.850651264190674
2026-09-21T22:04:54.499,-0.32542386651039124,6.31944465637207,7.465606689453125
2026-09-21T22:04:55.575,-0.1052841991186142,6.417550563812256,7.317251682281494
2026-09-21T22:04:56.615,0.6221339106559753,5.391029357910156,8.35573673248291
2026-09-21T22:04:57.648,-0.038285162299871445,6.015556335449219,7.51585578918457
2026-09-21T22:04:58.673,-0.3565305769443512,7.154539585113525,6.465406894683838
2026-09-21T22:04:59.776,0.11006984114646912,6.771687984466553,7.412964344024658
2026-09-21T22:05:00.793,-0.397208571434021,0.4043870270252228,9.879964828491211
2026-09-21T22:05:02.836,0.02871387079358101,-1.4787644147872925,0.19621145725250244
2026-09-21T22:05:03.851,0.20099709928035736,-4.886143684387207,8.958727836608887
2026-09-21T22:05:04.882,2.744567632675171,-11.361122131347656,13.600804328918457
2026-09-21T22:05:05.902,9.853643417358398,-23.100309371948242,0.7537391185760498
2026-09-21T22:05:06.935,-6.240481376647949,-11.23190975189209,-17.04646873474121
2026-09-21T22:05:07.971,10.301101684570312,-0.36610186100006104,-30.577880859375
2026-09-21T22:05:08.987,35.708091735839844,8.319844245910645,1.0648061037063599
2026-09-21T22:05:10.027,-0.3565305769443512,12.026326179504395,19.86521339416504
2026-09-21T22:05:11.039,17.58963966369629,-8.86780071258545,-0.5599204897880554
2026-09-21T22:05:12.069,12.516855239868164,-3.06999135017395,0.20338992774486542
2026-09-21T22:05:14.096,-3.314059257507324,-0.09092725813388824,9.176474571228027
2026-09-21T22:05:15.121,4.048655986785889,1.9357935190200806,2.4813570976257324
2026-09-21T22:05:17.180,1.5625132322311401,-4.6301116943359375,13.665410041809082
2026-09-21T22:05:18.203,31.563722610473633,-13.942977905273438,7.314858913421631
2026-09-21T22:05:20.248,7.073183536529541,-2.0721843242645264,-6.7692952156066895
2026-09-21T22:05:21.279,4.266402721405029,-1.5122638940811157,3.2542388439178467
2026-09-21T22:05:22.294,25.840091705322266,4.180261135101318,15.249458312988281
2026-09-21T22:05:23.326,16.05583953857422,7.491927623748779,-0.06699903309345245
2026-09-21T22:05:24.369,11.942577362060547,-1.8616160154342651,9.58325481414795
2026-09-21T22:05:25.444,6.642475605010986,-5.419743061065674,0.12681959569454193
2026-09-21T22:05:26.506,-6.297909259796143,-13.110275268554688,1.2251251935958862
2026-09-21T22:05:27.583,-12.339786529541016,-20.24567222595215,-5.84566593170166
2026-09-21T22:05:28.599,20.327028274536133,13.993227005004883,-9.820143699645996
2026-09-21T22:05:29.658,-8.6907320022583,-7.077969551086426,-9.688538551330566
2026-09-21T22:05:30.699,14.203795433044434,7.850851058959961,4.381258487701416
2026-09-21T22:05:31.742,-15.120245933532715,-28.024738311767578,-2.0793628692626953
2026-09-21T22:05:32.814,14.153546333312988,-1.6175481081008911,-1.0217353105545044
2026-09-21T22:05:33.863,10.176674842834473,-11.633903503417969,4.273581027984619
2026-09-21T22:05:34.958,23.9401912689209,8.563912391662598,-8.25523853302002
2026-09-21T22:05:36.004,-1.0504491329193115,-2.6297121047973633,4.237689018249512
2026-09-21T22:05:37.043,17.90788459777832,-8.910871505737305,1.2011969089508057
2026-09-21T22:05:38.082,6.020341873168945,-12.89492130279541,-3.4193434715270996
2026-09-21T22:05:39.139,27.32124900817871,11.84447193145752,-4.792823791503906
2026-09-21T22:05:40.167,15.873985290527344,-5.340780258178711,1.7467604875564575
2026-09-21T22:05:41.192,19.41057777404785,-1.2921242713928223,4.634897232055664
2026-09-21T22:05:42.235,0.019142581149935722,-0.916451096534729,-0.15553347766399384
2026-09-21T22:05:43.286,-2.196611166000366,0.6652047038078308,5.558526992797852
2026-09-21T22:05:44.305,0.8685946464538574,-2.857030153274536,11.052447319030762
2026-09-21T22:05:45.336,17.508283615112305,-99.3739242553711,1.2035897970199585
2026-09-21T22:05:46.344,-9.028120040893555,-3.988835334777832,0.8805587291717529
2026-09-21T22:05:47.384,-0.34217363595962524,2.4717857837677,7.456035137176514
2026-09-21T22:05:48.435,-1.0193424224853516,-0.6747759580612183,10.459028244018555
2026-09-21T22:05:49.476,1.9980069398880005,-10.913663864135742,14.129617691040039
2026-09-21T22:05:50.513,-4.34536600112915,-6.479763507843018,10.238887786865234
2026-09-21T22:05:51.566,6.898507595062256,-10.14317512512207,31.07319450378418
2026-09-21T22:05:52.595,6.391229152679443,-4.7952165603637695,16.986648559570312
2026-09-21T22:05:53.633,-32.14278793334961,-3.2853455543518066,15.235101699829102
2026-09-21T22:05:54.725,-6.453442573547363,-134.52688598632812,2.2779672145843506
2026-09-21T22:05:55.758,-2.5698914527893066,10.444670677185059,13.942977905273438
2026-09-21T22:05:56.789,-2.6967110633850098,2.557927370071411,13.689338684082031
2026-09-21T22:05:57.867,-5.340780258178711,-1.552941918373108,13.457234382629395
2026-09-21T22:05:58.928,1.825723648071289,1.1365907192230225,10.585846900939941
2026-09-21T22:06:00.012,-2.447857618331909,4.919643402099609,10.777273178100586
2026-09-21T22:06:01.051,-1.0528420209884644,0.8877372145652771,10.131211280822754
2026-09-21T22:06:02.069,1.2705888748168945,2.610569477081299,10.030712127685547
2026-09-21T22:06:03.174,-1.828116536140442,1.8759729862213135,9.329615592956543
2026-09-21T22:06:04.214,0.16031911969184875,1.6606189012527466,9.07119083404541
2026-09-21T22:06:05.285,-1.5314065217971802,1.550549030303955,9.736394882202148
2026-09-21T22:06:06.350,1.3615161180496216,5.577669620513916,7.884350776672363
2026-09-21T22:06:07.444,-0.059820566326379776,-1.0336993932724,10.612168312072754
2026-09-21T22:06:08.503,5.577669620513916,-4.393222332000732,19.745573043823242
2026-09-21T22:06:09.558,2.5435705184936523,1.7228323221206665,8.640482902526855
2026-09-21T22:06:10.594,-3.153740167617798,1.1676974296569824,9.760323524475098
2026-09-21T22:06:11.643,-0.01196411345154047,1.3926228284835815,9.812965393066406
2026-09-21T22:06:12.705,0.7441678643226624,3.4337005615234375,11.423335075378418
2026-09-21T22:06:13.782,-10.183853149414062,-100.5535888671875,0.31824541091918945
2026-09-21T22:06:14.800,-50.52444839477539,-82.30831146240234,0.9332008361816406
2026-09-21T22:06:15.858,12.904492378234863,-106.13603973388672,-54.881778717041016
2026-09-21T22:06:16.881,-6.802794933319092,-8.590232849121094,-0.672383189201355
2026-09-21T22:06:17.905,-73.88796997070312,-2.754138946533203,-32.700313568115234
2026-09-21T22:06:18.983,46.78925323486328,-59.88756561279297,28.115665435791016
2026-09-21T22:06:20.036,49.55057144165039,-25.435705184936523,-39.0484733581543
2026-09-21T22:06:21.066,15.158531188964844,-54.211788177490234,38.89054489135742
2026-09-21T22:06:22.096,-6.527620315551758,15.40499210357666,45.67658996582031
2026-09-21T22:06:23.141,20.38924217224121,-36.17947769165039,36.23929977416992
2026-09-21T22:06:24.172,0.7872386574745178,-7.733603000640869,9.410971641540527
2026-09-21T22:06:25.210,-0.9451649188995361,5.946164131164551,-5.300102233886719
2026-09-21T22:06:26.221,-8.37727165222168,-6.680760860443115,12.239287376403809
2026-09-21T22:06:27.260,-4.776073932647705,-4.067798614501953,13.797015190124512
2026-09-21T22:06:28.289,0.4905286431312561,5.077569484710693,10.581061363220215
2026-09-21T22:06:29.303,-0.8685946464538574,5.407779216766357,10.322636604309082
2026-09-21T22:06:31.374,-12.641282081604004,-0.0023928226437419653,7.436892986297607
2026-09-21T22:06:32.400,5.194818019866943,-33.839298248291016,9.068798065185547
2026-09-21T22:06:33.420,18.03948974609375,14.057832717895508,11.320444107055664
2026-09-21T22:06:34.457,26.17030143737793,0.7106683254241943,16.108482360839844
2026-09-21T22:06:35.519,25.698915481567383,13.36152172088623,17.08953857421875
2026-09-21T22:06:36.535,-0.4163511395454407,2.68953275680542,6.781259536743164
2026-09-21T22:06:37.577,15.479169845581055,4.285545349121094,7.223931789398193
2026-09-21T22:06:38.604,5.986842155456543,1.9932212829589844,11.109875679016113
2026-09-21T22:06:39.651,4.3070807456970215,1.8855443000793457,8.841479301452637
2026-09-21T22:06:40.698,-2.5674986839294434,2.610569477081299,13.325629234313965
2026-09-21T22:06:41.726,-0.0933200865983963,-0.275174617767334,9.829715728759766
2026-09-21T22:06:42.758,-0.08135596662759781,-0.2584248483181,9.834501266479492
2026-09-21T22:06:43.787,-0.08853443711996078,-0.2679961323738098,9.80817985534668
2026-09-21T22:06:44.866,-0.08135596662759781,-0.2727817893028259,9.817750930786133
2026-09-21T22:06:45.896,-0.07178468257188797,-0.26081767678260803,9.80817985534668
2026-09-21T22:06:46.998,-0.08135596662759781,-0.27038896083831787,9.81535816192627
2026-09-21T22:06:48.037,-0.09092725813388824,-0.27756741642951965,9.810572624206543
2026-09-21T22:06:49.052,-0.07178468257188797,-0.27038896083831787,9.829715728759766
2026-09-21T22:06:51.089,-0.059820566326379776,-0.2727817893028259,9.81535816192627
2026-09-21T22:06:52.182,-0.05742774158716202,-0.27038896083831787,9.822537422180176
2026-09-21T22:06:53.258,-0.07178468257188797,-0.2632105052471161,9.820143699645996
2026-09-21T22:06:54.322,-0.06699903309345245,-0.26560330390930176,9.827322959899902
2026-09-21T22:06:55.358,-0.07417750358581543,-0.25363919138908386,9.820143699645996
2026-09-21T22:06:56.400,-0.062213387340307236,-0.26081767678260803,9.803394317626953
2026-09-21T22:06:57.431,-0.064606212079525,-0.2727817893028259,9.822537422180176
2026-09-21T22:07:00.591,-0.06939185410737991,-0.2727817893028259,9.822537422180176
2026-09-21T22:07:02.717,-0.05742774158716202,-0.26560330390930176,9.817750930786133
2026-09-21T22:07:03.792,-0.07417750358581543,-0.2679961323738098,9.810572624206543
2026-09-21T22:07:04.807,-0.06939185410737991,-0.26081767678260803,9.824930191040039
2026-09-21T22:07:05.844,-0.06699903309345245,-0.26560330390930176,9.81535816192627
2026-09-21T22:07:06.890,-0.05503492057323456,-0.2584248483181,9.824930191040039
2026-09-21T22:07:07.896,-0.059820566326379776,-0.27038896083831787,9.810572624206543
2026-09-21T22:07:08.925,-0.05024927482008934,-0.2679961323738098,9.829715728759766
2026-09-21T22:07:09.973,-0.07178468257188797,-0.2632105052471161,9.827322959899902
2026-09-21T22:07:11.072,-0.062213387340307236,-0.27038896083831787,9.822537422180176
2026-09-21T22:07:12.092,-0.05742774158716202,-0.26081767678260803,9.81535816192627
2026-09-21T22:07:13.120,-0.062213387340307236,-0.275174617767334,9.803394317626953
2026-09-21T22:07:15.258,-0.059820566326379776,-0.26560330390930176,9.817750930786133
2026-09-21T22:07:16.358,-0.062213387340307236,-0.2632105052471161,9.820143699645996
2026-09-21T22:07:17.390,-0.05742774158716202,-0.2560320198535919,9.832108497619629
2026-09-21T22:07:18.458,-0.0526420995593071,-0.27756741642951965,9.827322959899902
2026-09-21T22:07:19.541,-0.04546362906694412,-0.26560330390930176,9.824930191040039
2026-09-21T22:07:20.599,-0.05503492057323456,-0.2512463629245758,9.817750930786133
2026-09-21T22:07:22.685,-0.05742774158716202,-0.25363919138908386,9.810572624206543
2026-09-21T22:07:23.764,-0.05503492057323456,-0.2584248483181,9.827322959899902
2026-09-21T22:07:24.843,-0.059820566326379776,-0.2632105052471161,9.817750930786133
2026-09-21T22:07:25.876,-0.064606212079525,-0.24885354936122894,9.812965393066406
2026-09-21T22:07:26.928,-0.05503492057323456,-0.2560320198535919,9.820143699645996
2026-09-21T22:07:28.943,-0.04785645380616188,-0.2632105052471161,9.81535816192627
2026-09-21T22:07:30.043,-0.05503492057323456,-0.25363919138908386,9.822537422180176
2026-09-21T22:07:31.088,-0.040677983313798904,-0.30149564146995544,9.80817985534668
2026-09-21T22:07:32.170,-0.05024927482008934,-0.2560320198535919,9.832108497619629
2026-09-21T22:07:34.228,-0.05742774158716202,-0.2679961323738098,9.820143699645996
2026-09-21T22:07:35.250,-0.059820566326379776,-0.2584248483181,9.827322959899902
2026-09-21T22:07:36.280,-0.05024927482008934,-0.2584248483181,9.822537422180176
2026-09-21T22:07:39.435,-0.062213387340307236,-0.26081767678260803,9.812965393066406
2026-09-21T22:07:40.474,-0.05503492057323456,-0.2584248483181,9.834501266479492
2026-09-21T22:07:42.569,-0.04307080805301666,-0.2512463629245758,9.820143699645996
2026-09-21T22:07:43.611,-0.04785645380616188,-0.2632105052471161,9.822537422180176
2026-09-21T22:07:44.706,-0.05024927482008934,-0.2512463629245758,9.81535816192627
2026-09-21T22:07:46.789,-0.04546362906694412,-0.25363919138908386,9.820143699645996
2026-09-21T22:07:48.936,-0.05503492057323456,-0.24406790733337402,9.812965393066406
2026-09-21T22:07:49.988,-0.0526420995593071,-0.2584248483181,9.827322959899902
2026-09-21T22:07:50.990,-0.04785645380616188,-0.25363919138908386,9.81535816192627
2026-09-21T22:07:52.027,-0.05742774158716202,-0.26560330390930176,9.827322959899902
2026-09-21T22:07:53.077,-0.0526420995593071,-0.2512463629245758,9.834501266479492
2026-09-21T22:07:56.237,-0.05742774158716202,-0.2679961323738098,9.824930191040039
2026-09-21T22:07:57.283,-0.064606212079525,-0.26081767678260803,9.834501266479492
2026-09-21T22:07:58.287,-0.04307080805301666,-0.2512463629245758,9.810572624206543
2026-09-21T22:07:59.307,-0.05503492057323456,-0.26081767678260803,9.80817985534668
2026-09-21T22:08:00.336,-0.04785645380616188,-0.25363919138908386,9.803394317626953
2026-09-21T22:08:01.370,-0.06939185410737991,-0.27756741642951965,9.820143699645996
2026-09-21T22:08:02.394,-0.04785645380616188,-0.2560320198535919,9.789037704467773
2026-09-21T22:08:04.474,-0.038285162299871445,-0.2584248483181,9.822537422180176
2026-09-21T22:08:05.528,-0.05024927482008934,-0.275174617767334,9.829715728759766
2026-09-21T22:08:07.659,-0.04307080805301666,-0.26081767678260803,9.812965393066406
2026-09-21T22:08:08.743,-0.059820566326379776,-0.2632105052471161,9.817750930786133
2026-09-21T22:08:09.785,-0.04546362906694412,-0.2560320198535919,9.832108497619629
2026-09-21T22:08:10.806,-0.035892341285943985,-0.2584248483181,9.827322959899902
2026-09-21T22:08:11.838,-0.0526420995593071,-0.26560330390930176,9.822537422180176
2026-09-21T22:08:12.868,-0.04307080805301666,-0.25363919138908386,9.81535816192627
2026-09-21T22:08:15.006,-0.0526420995593071,-0.25363919138908386,9.824930191040039
2026-09-21T22:08:17.014,-0.040677983313798904,-0.23210379481315613,9.822537422180176
2026-09-21T22:08:18.090,-0.038285162299871445,-0.24885354936122894,9.803394317626953
2026-09-21T22:08:19.097,-0.03349951654672623,-0.2512463629245758,9.810572624206543
2026-09-21T22:08:20.167,-0.04546362906694412,-0.2632105052471161,9.822537422180176
2026-09-21T22:08:21.168,-0.05024927482008934,-0.24885354936122894,9.812965393066406
2026-09-21T22:08:22.205,-0.04307080805301666,-0.2584248483181,9.810572624206543
2026-09-21T22:08:23.251,-0.05024927482008934,-0.2632105052471161,9.829715728759766
2026-09-21T22:08:24.288,-0.04546362906694412,-0.2560320198535919,9.832108497619629
2026-09-21T22:08:25.367,-0.038285162299871445,-0.24885354936122894,9.81535816192627
2026-09-21T22:08:27.528,-0.05024927482008934,-0.26560330390930176,9.832108497619629
2026-09-21T22:08:29.682,-0.04785645380616188,-0.2512463629245758,9.824930191040039
2026-09-21T22:08:30.687,-0.04307080805301666,-0.25363919138908386,9.81535816192627
2026-09-21T22:08:31.728,-0.035892341285943985,-0.24885354936122894,9.817750930786133
2026-09-21T22:08:32.775,-0.038285162299871445,-0.2512463629245758,9.80817985534668
2026-09-21T22:08:34.843,-0.05024927482008934,-0.24885354936122894,9.796216011047363
2026-09-21T22:08:35.884,-0.059820566326379776,-0.26560330390930176,9.820143699645996
2026-09-21T22:08:36.906,-0.05503492057323456,-0.2584248483181,9.80817985534668
2026-09-21T22:08:38.007,-0.03349951654672623,-0.26081767678260803,9.822537422180176
2026-09-21T22:08:39.059,-0.04307080805301666,-0.25363919138908386,9.839286804199219
2026-09-21T22:08:40.105,-0.04546362906694412,-0.24406790733337402,9.827322959899902
2026-09-21T22:08:41.143,-0.040677983313798904,-0.24885354936122894,9.822537422180176
2026-09-21T22:08:42.167,-0.04307080805301666,-0.25363919138908386,9.827322959899902
2026-09-21T22:08:43.233,-0.05024927482008934,-0.24885354936122894,9.824930191040039
2026-09-21T22:08:45.267,-0.04307080805301666,-0.2512463629245758,9.820143699645996
2026-09-21T22:08:47.294,-0.04307080805301666,-0.2584248483181,9.812965393066406
2026-09-21T22:08:48.327,-0.040677983313798904,-0.24406790733337402,9.817750930786133
2026-09-21T22:08:49.399,-0.04307080805301666,-0.26081767678260803,9.822537422180176
2026-09-21T22:08:50.404,-0.035892341285943985,-0.24646073579788208,9.820143699645996
2026-09-21T22:08:51.431,-0.04307080805301666,-0.24885354936122894,9.81535816192627
2026-09-21T22:08:52.432,-0.05742774158716202,-0.25363919138908386,9.824930191040039
2026-09-21T22:08:53.454,-0.04307080805301666,-0.2560320198535919,9.81535816192627
2026-09-21T22:08:55.534,-0.04546362906694412,-0.2632105052471161,9.817750930786133
2026-09-21T22:08:56.549,-0.05742774158716202,-0.2560320198535919,9.822537422180176
2026-09-21T22:08:57.576,-0.05503492057323456,-0.3086741268634796,9.820143699645996
2026-09-21T22:08:58.584,-0.04546362906694412,-0.24885354936122894,9.78664493560791
2026-09-21T22:09:00.720,-0.03349951654672623,-0.26081767678260803,9.817750930786133
2026-09-21T22:09:01.743,-0.04546362906694412,-0.2632105052471161,9.824930191040039
2026-09-21T22:09:02.828,-0.040677983313798904,-0.26081767678260803,9.822537422180176
2026-09-21T22:09:03.858,0.09571290761232376,-0.607776939868927,9.812965393066406
2026-09-21T22:09:05.958,-0.035892341285943985,-0.2847459018230438,9.81535816192627
2026-09-21T22:09:07.005,-0.04307080805301666,-0.2799602448940277,9.824930191040039
2026-09-21T22:09:08.069,-0.0526420995593071,-0.28235307335853577,9.812965393066406
2026-09-21T22:09:10.145,-0.04307080805301666,-0.2847459018230438,9.817750930786133
2026-09-21T22:09:11.209,-0.0526420995593071,-0.28235307335853577,9.820143699645996
2026-09-21T22:09:12.228,-0.040677983313798904,-0.32303106784820557,9.805787086486816
2026-09-21T22:09:13.267,-0.035892341285943985,-0.2727817893028259,9.834501266479492
2026-09-21T22:09:14.328,-0.05503492057323456,-0.28235307335853577,9.820143699645996
2026-09-21T22:09:16.475,-0.038285162299871445,-0.26560330390930176,9.834501266479492
2026-09-21T22:09:17.524,-0.040677983313798904,-0.2679961323738098,9.810572624206543
2026-09-21T22:09:18.560,-0.035892341285943985,-0.27038896083831787,9.824930191040039
2026-09-21T22:09:19.636,-0.04307080805301666,-0.2799602448940277,9.834501266479492
2026-09-21T22:09:20.660,-0.040677983313798904,-0.27038896083831787,9.820143699645996
2026-09-21T22:09:21.685,-0.038285162299871445,-0.2799602448940277,9.80817985534668
2026-09-21T22:09:22.717,-0.035892341285943985,-0.2727817893028259,9.810572624206543
2026-09-21T22:09:23.744,-0.04307080805301666,-0.2799602448940277,9.812965393066406
2026-09-21T22:09:24.811,-0.03349951654672623,-0.2727817893028259,9.822537422180176
2026-09-21T22:09:25.853,-0.04307080805301666,-0.2632105052471161,9.817750930786133
2026-09-21T22:09:28.951,-0.05024927482008934,-0.275174617767334,9.822537422180176
2026-09-21T22:09:30.997,-0.040677983313798904,-0.28235307335853577,9.820143699645996
2026-09-21T22:09:32.045,-0.035892341285943985,-0.2847459018230438,9.812965393066406
2026-09-21T22:09:33.066,-0.04546362906694412,-0.2871387302875519,9.817750930786133
2026-09-21T22:09:34.092,-0.04307080805301666,-0.2679961323738098,9.812965393066406
2026-09-21T22:09:35.129,-0.03349951654672623,-0.2727817893028259,9.820143699645996
2026-09-21T22:09:36.226,-0.040677983313798904,-0.27756741642951965,9.824930191040039
2026-09-21T22:09:37.282,-0.038285162299871445,-0.275174617767334,9.824930191040039
2026-09-21T22:09:40.456,-0.040677983313798904,-0.2871387302875519,9.827322959899902
2026-09-21T22:09:41.528,-0.05024927482008934,-0.2847459018230438,9.810572624206543
2026-09-21T22:09:42.610,-0.035892341285943985,-0.275174617767334,9.827322959899902
2026-09-21T22:09:44.728,-0.038285162299871445,-0.27038896083831787,9.822537422180176
2026-09-21T22:09:45.788,-0.040677983313798904,-0.27756741642951965,9.812965393066406
2026-09-21T22:09:46.838,-0.05024927482008934,-0.2727817893028259,9.822537422180176
2026-09-21T22:09:47.916,-0.040677983313798904,-0.26081767678260803,9.81535816192627
2026-09-21T22:09:48.928,-0.04307080805301666,-0.275174617767334,9.822537422180176
2026-09-21T22:09:49.992,-0.02871387079358101,-0.2679961323738098,9.812965393066406
2026-09-21T22:09:51.028,-0.04307080805301666,-0.2871387302875519,9.822537422180176
2026-09-21T22:09:52.069,-3.053241729736328,-3.5605201721191406,9.796216011047363
2026-09-21T22:09:53.106,-11.834900856018066,-0.7537391185760498,-18.4031982421875
2026-09-21T22:09:54.153,-9.052047729492188,-7.3746795654296875,0.6699903607368469
2026-09-21T22:09:55.174,-11.43529987335205,1.9884356260299683,1.9405791759490967
2026-09-21T22:09:56.205,9.643074989318848,2.3545374870300293,10.691131591796875
2026-09-21T22:09:57.228,-12.818350791931152,-4.2831525802612305,-13.672588348388672
2026-09-21T22:09:58.274,9.22433090209961,-11.270195007324219,12.16511058807373
2026-09-21T22:09:59.311,-7.846065521240234,-6.948757171630859,20.224136352539062
2026-09-21T22:10:00.358,-7.082755088806152,-13.038490295410156,-2.768495798110962
2026-09-21T22:10:01.408,-17.099111557006836,-1.4883357286453247,-11.971291542053223
2026-09-21T22:10:02.428,-5.240281581878662,4.7401814460754395,7.678567886352539
2026-09-21T22:10:03.481,-4.012763500213623,6.075376510620117,6.716653347015381
2026-09-21T22:10:05.607,-4.039084434509277,6.876972198486328,5.685346603393555
2026-09-21T22:10:06.614,-3.9122650623321533,7.027719974517822,5.678168296813965
2026-09-21T22:10:07.643,-3.6059837341308594,6.97268533706665,5.615954875946045
2026-09-21T22:10:08.651,-3.452843189239502,7.018148899078369,5.529813289642334
2026-09-21T22:10:09.727,-3.572484254837036,6.994220733642578,5.745167255401611
2026-09-21T22:10:10.775,-4.508078098297119,5.994020938873291,5.879165172576904
2026-09-21T22:10:11.845,-3.326023578643799,6.149554252624512,6.7692952156066895
2026-09-21T22:10:12.874,-3.4719855785369873,6.726224422454834,6.178267955780029
2026-09-21T22:10:13.943,-3.414557933807373,6.709474563598633,6.240481376647949
2026-09-21T22:10:14.992,-2.7589244842529297,6.8243303298950195,6.183053493499756
2026-09-21T22:10:16.088,-4.063013076782227,7.013363361358643,5.814558982849121
2026-09-21T22:10:17.108,-2.5842485427856445,6.5874409675598145,6.5491557121276855
2026-09-21T22:10:18.144,-3.8739798069000244,7.255038261413574,5.508277893066406
2026-09-21T22:10:19.184,-3.2039895057678223,6.577869415283203,6.453442573547363
2026-09-21T22:10:20.230,-3.4265220165252686,7.467999458312988,4.6995038986206055
2026-09-21T22:10:21.297,-3.895515203475952,7.037291526794434,5.592026710510254
2026-09-21T22:10:22.365,-4.450650215148926,7.549355506896973,4.756931304931641
2026-09-21T22:10:23.407,-2.651247501373291,6.702296257019043,6.5252275466918945
2026-09-21T22:10:24.449,-3.665804386138916,7.324429988861084,5.551348686218262
2026-09-21T22:10:25.512,-3.2159535884857178,6.065805435180664,6.869793891906738
2026-09-21T22:10:26.570,-2.526820659637451,6.041877269744873,7.16650390625
2026-09-21T22:10:27.612,-2.6871397495269775,6.362515449523926,6.884150981903076
2026-09-21T22:10:28.644,-3.22552490234375,6.52044153213501,6.745367050170898
2026-09-21T22:10:29.712,-2.9551360607147217,6.372086524963379,6.747759819030762
2026-09-21T22:10:30.774,-2.6967110633850098,6.293123722076416,6.675975322723389
2026-09-21T22:10:31.806,-2.9072794914245605,6.51326322555542,6.754938125610352
2026-09-21T22:10:32.844,-3.7567315101623535,6.386443614959717,6.7692952156066895
2026-09-21T22:10:33.896,-2.3234307765960693,6.135197162628174,7.168896675109863
2026-09-21T22:10:34.916,-2.964707374572754,6.561119556427002,6.570691108703613
2026-09-21T22:10:35.956,-2.7517459392547607,6.453442573547363,6.850651264190674
2026-09-21T22:10:36.997,-2.8689942359924316,6.45822811126709,6.661618232727051
2026-09-21T22:10:38.040,-3.2470602989196777,6.7070817947387695,6.510870456695557
2026-09-21T22:10:39.077,-2.6799614429473877,6.534798622131348,6.532405853271484
2026-09-21T22:10:41.130,-3.0388846397399902,6.781259536743164,6.5874409675598145
2026-09-21T22:10:42.146,-3.28773832321167,6.709474563598633,6.324230194091797
2026-09-21T22:10:44.214,-2.950350284576416,7.04925537109375,6.45822811126709
2026-09-21T22:10:46.261,-2.9790642261505127,6.714260101318359,6.0610198974609375
2026-09-21T22:10:47.344,-2.66560435295105,6.597012042999268,6.273981094360352
2026-09-21T22:10:48.382,-2.8426733016967773,6.884150981903076,6.501298904418945
2026-09-21T22:10:49.443,-3.4121651649475098,6.8243303298950195,6.403193473815918
2026-09-21T22:10:50.528,-2.998206853866577,6.759724140167236,6.391229152679443
2026-09-21T22:10:51.562,-2.6536402702331543,6.716653347015381,6.484549522399902
2026-09-21T22:10:52.609,-2.794816732406616,6.881757736206055,6.649653911590576
2026-09-21T22:10:53.707,-3.510270833969116,6.908079147338867,6.173482418060303
2026-09-21T22:10:54.789,-3.0484559535980225,6.8004021644592285,6.362515449523926
2026-09-21T22:10:55.812,-2.6608188152313232,6.64486837387085,6.405586242675781
2026-09-21T22:10:56.867,-2.7876384258270264,6.853044033050537,6.664011001586914
2026-09-21T22:10:57.938,-3.0628130435943604,6.946363925933838,6.307480335235596
2026-09-21T22:10:58.961,-3.390629768371582,6.836294174194336,6.142375946044922
2026-09-21T22:11:00.005,-2.737389087677002,6.711867332458496,6.281159400939941
2026-09-21T22:11:01.075,-2.6536402702331543,6.836294174194336,6.3601226806640625
2026-09-21T22:11:02.111,-2.9718856811523438,6.896114826202393,6.4079790115356445
2026-09-21T22:11:03.128,-3.1968109607696533,6.8482584953308105,6.403193473815918
2026-09-21T22:11:04.174,-2.9455647468566895,6.774080753326416,6.252445697784424
2026-09-21T22:11:05.191,-2.1343977451324463,6.4079790115356445,6.675975322723389
2026-09-21T22:11:06.274,-2.0099709033966064,6.6831536293029785,6.975078105926514
2026-09-21T22:11:07.306,-1.7371892929077148,6.300302028656006,6.695117950439453
2026-09-21T22:11:08.375,-2.486142635345459,5.821737289428711,7.125825881958008
2026-09-21T22:11:09.442,-2.4191436767578125,6.116054534912109,7.724031448364258
2026-09-21T22:11:10.475,-1.919043779373169,5.905486106872559,7.1162543296813965
2026-09-21T22:11:11.505,-2.5603201389312744,5.891129493713379,7.460821151733398
2026-09-21T22:11:12.508,-1.919043779373169,5.97727108001709,7.369893550872803
2026-09-21T22:11:13.542,-4.230510234832764,5.898307800292969,7.345965385437012
2026-09-21T22:11:14.566,-1.0217353105545044,6.147161483764648,7.5708909034729
2026-09-22T10:02:49.183,-1.0217353105545044,4.625326156616211,9.123832702636719
2026-09-22T10:03:04.699,-0.19621145725250244,4.6372904777526855,8.520841598510742
2026-09-22T10:03:05.751,0.3397808074951172,3.397808074951172,9.375079154968262
2026-09-22T10:03:06.784,0.4953143000602722,3.7328033447265625,9.109476089477539
2026-09-22T10:03:07.794,0.2919243574142456,3.9912281036376953,9.274580955505371
2026-09-22T10:03:08.887,-0.7034898400306702,1.1030912399291992,10.85145092010498
2026-09-22T10:03:09.967,-1.0408778190612793,0.06939185410737991,9.714859962463379
2026-09-22T10:03:10.996,0.15314064919948578,0.016749758273363113,9.839286804199219
2026-09-22T10:03:12.000,0.14835500717163086,0.02871387079358101,9.822537422180176
2026-09-22T10:03:13.040,0.15314064919948578,0.019142581149935722,9.834501266479492
2026-09-22T10:03:15.180,0.1579262912273407,0.016749758273363113,9.829715728759766
2026-09-22T10:03:16.242,0.16271193325519562,0.019142581149935722,9.820143699645996
2026-09-22T10:03:18.400,0.15314064919948578,0.02632104977965355,9.829715728759766
2026-09-22T10:03:19.408,0.15074782073497772,0.007178467698395252,9.834501266479492
2026-09-22T10:03:20.430,0.16031911969184875,0.009571290574967861,9.832108497619629
2026-09-22T10:03:22.476,0.1459621787071228,0.02153540402650833,9.839286804199219
2026-09-22T10:03:23.484,0.14835500717163086,0.02632104977965355,9.829715728759766
2026-09-22T10:03:25.561,0.1459621787071228,0.02392822690308094,9.810572624206543
2026-09-22T10:03:28.629,0.14835500717163086,0.016749758273363113,9.829715728759766
2026-09-22T10:03:30.771,0.16031911969184875,0.0,9.81535816192627
2026-09-22T10:03:31.841,0.16510476171970367,0.03349951654672623,9.836894035339355
2026-09-22T10:03:32.885,0.15074782073497772,0.02153540402650833,9.836894035339355
2026-09-22T10:03:33.923,0.1459621787071228,0.02632104977965355,9.832108497619629
2026-09-22T10:03:34.947,0.16031911969184875,0.016749758273363113,9.812965393066406
2026-09-22T10:03:35.986,0.15074782073497772,0.019142581149935722,9.824930191040039
2026-09-22T10:03:37.081,0.16271193325519562,0.02153540402650833,9.81535816192627
2026-09-22T10:03:38.114,0.14356936514377594,0.014356935396790504,9.817750930786133
2026-09-22T10:03:39.152,0.14117653667926788,0.019142581149935722,9.832108497619629
2026-09-22T10:03:41.322,0.15553347766399384,0.031106693670153618,9.81535816192627
2026-09-22T10:03:43.432,-0.4331009089946747,0.01196411345154047,9.822537422180176
2026-09-22T10:03:44.447,-0.3732803463935852,-0.18903298676013947,9.93978500366211
2026-09-22T10:03:45.490,0.5072783827781677,3.8907296657562256,8.851051330566406
2026-09-22T10:04:16.607,-0.2799602448940277,3.0245277881622314,10.482955932617188
2026-09-22T10:04:17.636,-0.04785645380616188,3.510270833969116,9.08554744720459
2026-09-22T10:04:18.657,0.1866401731967926,3.761517286300659,8.841479301452637
2026-09-22T10:04:19.709,0.4259224236011505,3.7184464931488037,9.686145782470703
2026-09-22T10:04:20.740,22.482961654663086,3.4265220165252686,9.104690551757812
2026-09-22T10:04:21.822,27.54138946533203,1.2705888748168945,0.5048855543136597
2026-09-22T10:04:22.848,6.740581512451172,8.973084449768066,-1.1437692642211914
2026-09-22T10:04:23.864,8.817551612854004,-31.96332550048828,39.586856842041016
2026-09-22T10:04:24.912,40.03192138671875,-21.901506423950195,9.001798629760742
2026-09-22T10:04:25.939,31.27658462524414,-59.61239242553711,4.015156269073486
2026-09-22T10:04:26.969,-33.98765182495117,-18.02513313293457,-55.322059631347656
2026-09-22T10:04:27.970,42.7764892578125,-45.21956253051758,14.452649116516113
2026-09-22T10:04:29.029,27.641887664794922,-75.31409454345703,0.6484549641609192
2026-09-22T10:04:30.069,4.622933387756348,-18.123239517211914,-24.892534255981445
2026-09-22T10:04:31.166,9.906285285949707,-14.067404747009277,18.080167770385742
2026-09-22T10:04:32.207,42.716670989990234,-11.475976943969727,-13.698909759521484
2026-09-22T10:04:33.296,0.3613162338733673,-42.02035903930664,-17.972490310668945
2026-09-22T10:04:34.349,-2.1918256282806396,-39.3260383605957,2.6177480220794678
2026-09-22T10:04:35.384,53.948577880859375,-21.303300857543945,-39.280574798583984
2026-09-22T10:04:37.402,-14.19422435760498,-25.80659294128418,-8.563912391662598
2026-09-22T10:04:38.452,-6.565905570983887,-13.313665390014648,-6.764509677886963
2026-09-22T10:04:39.476,40.89573287963867,-16.532011032104492,-10.097711563110352
2026-09-22T10:04:40.493,-6.798008918762207,-20.81516456604004,24.945175170898438
2026-09-22T10:04:41.502,26.711078643798828,-26.00758934020996,-33.15494918823242
2026-09-22T10:04:42.539,24.131616592407227,-43.00141525268555,-22.238893508911133
2026-09-22T10:04:43.559,73.77311706542969,-17.235502243041992,-33.08316421508789
2026-09-22T10:04:45.608,46.31547546386719,-17.927026748657227,65.0345230102539
2026-09-22T10:04:47.708,67.15217590332031,-57.11428451538086,14.292329788208008
2026-09-22T10:04:48.760,20.38684844970703,-44.97310256958008,-12.074183464050293
2026-09-22T10:04:49.774,24.52404022216797,-46.21018981933594,-5.398207664489746
2026-09-22T10:04:50.809,45.513877868652344,-11.557332992553711,8.910871505737305
2026-09-22T10:04:51.851,-14.555540084838867,-43.31248092651367,0.3397808074951172
2026-09-22T10:04:52.865,30.37449073791504,-12.519248008728027,-6.271588325500488
2026-09-22T10:04:53.900,63.82615280151367,-54.21418380737305,21.492332458496094
2026-09-22T10:04:54.992,51.0006217956543,-112.68519592285156,19.17608070373535
2026-09-22T10:04:56.018,11.157732009887695,-82.81798553466797,-26.904897689819336
2026-09-22T10:04:57.044,24.1268310546875,-16.14437484741211,30.216564178466797
2026-09-22T10:04:58.061,19.71925163269043,-10.578668594360352,-33.43730545043945
2026-09-22T10:04:59.097,10.217352867126465,-13.083953857421875,-15.969697952270508
2026-09-22T10:05:00.123,25.42374038696289,-13.84247875213623,-19.360328674316406
2026-09-22T10:05:01.150,-53.92225646972656,-69.7842788696289,-14.849857330322266
2026-09-22T10:05:02.167,36.30390548706055,-42.80759811401367,8.116454124450684
2026-09-22T10:05:03.200,28.13959503173828,-53.773902893066406,-10.628918647766113
2026-09-22T10:05:04.232,41.235511779785156,-12.648460388183594,-16.618152618408203
2026-09-22T10:05:05.261,14.653645515441895,-77.76434326171875,39.010189056396484
2026-09-22T10:05:06.356,1.6965112686157227,-16.37887191772461,10.332208633422852
2026-09-22T10:05:07.391,27.97927474975586,-13.540983200073242,-27.716064453125
2026-09-22T10:05:08.435,0.7896314859390259,-35.0093879699707,0.33020952343940735
2026-09-22T10:05:09.472,-0.42831525206565857,-10.85862922668457,23.54058837890625
2026-09-22T10:05:10.572,2.9455647468566895,-6.809973239898682,6.960721015930176
2026-09-22T10:05:11.601,21.808185577392578,-19.290935516357422,4.216153621673584
2026-09-22T10:05:12.642,5.670989513397217,-31.39143943786621,-11.301301002502441
2026-09-22T10:05:13.658,3.0556344985961914,-4.158725738525391,8.458627700805664
2026-09-22T10:05:14.675,6.1328043937683105,0.4043870270252228,9.736394882202148
2026-09-22T10:05:15.696,2.0003998279571533,4.070191383361816,7.8317084312438965
2026-09-22T10:05:16.697,1.2921242713928223,3.950550079345703,9.176474571228027
2026-09-22T10:05:17.761,0.08135596662759781,-1.246660590171814,10.829915046691895
2026-09-22T10:05:18.784,0.12681959569454193,0.035892341285943985,9.839286804199219
2026-09-22T10:05:20.938,0.12203395366668701,0.03349951654672623,9.827322959899902
2026-09-22T10:05:21.960,0.12921242415905,0.0526420995593071,9.834501266479492
2026-09-22T10:05:22.976,0.12681959569454193,0.04307080805301666,9.822537422180176
2026-09-22T10:05:23.991,0.12442677468061447,0.035892341285943985,9.829715728759766
2026-09-22T10:05:26.072,0.14356936514377594,0.0526420995593071,9.836894035339355
2026-09-22T10:05:27.082,0.13160525262355804,0.04546362906694412,9.832108497619629
2026-09-22T10:05:29.112,0.1339980661869049,0.0526420995593071,9.834501266479492
2026-09-22T10:05:30.160,0.13639089465141296,0.04546362906694412,9.839286804199219
2026-09-22T10:05:31.186,0.12921242415905,0.04785645380616188,9.820143699645996
2026-09-22T10:05:32.198,0.13160525262355804,0.04546362906694412,9.829715728759766
2026-09-22T10:05:33.231,0.12203395366668701,0.05503492057323456,9.822537422180176
2026-09-22T10:05:34.268,0.12681959569454193,0.04785645380616188,9.841679573059082
2026-09-22T10:05:35.325,0.13160525262355804,0.04546362906694412,9.829715728759766
2026-09-22T10:05:38.489,0.11964113265275955,0.035892341285943985,9.824930191040039
2026-09-22T10:05:40.554,0.12203395366668701,0.04546362906694412,9.844072341918945
2026-09-22T10:05:41.579,0.1339980661869049,0.0526420995593071,9.839286804199219
2026-09-22T10:05:42.622,0.12442677468061447,0.040677983313798904,9.820143699645996
2026-09-22T10:05:44.802,0.12921242415905,0.04785645380616188,9.848857879638672
2026-09-22T10:05:45.809,0.13878370821475983,0.05742774158716202,9.829715728759766
2026-09-22T10:05:46.868,0.12921242415905,0.04546362906694412,9.827322959899902
2026-09-22T10:05:49.069,0.12921242415905,0.04307080805301666,9.829715728759766
2026-09-22T10:05:50.100,0.11964113265275955,0.05024927482008934,9.846465110778809
2026-09-22T10:05:51.133,0.12681959569454193,0.04785645380616188,9.824930191040039
2026-09-22T10:05:54.357,0.13639089465141296,0.05024927482008934,9.824930191040039
2026-09-22T10:05:55.410,0.1339980661869049,0.0526420995593071,9.827322959899902
2026-09-22T10:05:56.429,0.12921242415905,0.064606212079525,9.829715728759766
2026-09-22T10:05:57.501,0.12681959569454193,0.04785645380616188,9.834501266479492
2026-09-22T10:05:59.655,0.12681959569454193,0.05024927482008934,9.829715728759766
2026-09-22T10:06:00.721,0.13878370821475983,0.05024927482008934,9.827322959899902
2026-09-22T10:06:02.831,0.13160525262355804,0.059820566326379776,9.844072341918945
2026-09-22T10:06:03.862,0.12442677468061447,0.0526420995593071,9.834501266479492
2026-09-22T10:06:04.899,0.13160525262355804,0.05024927482008934,9.824930191040039
2026-09-22T10:06:05.920,0.14356936514377594,0.038285162299871445,9.827322959899902
2026-09-22T10:06:06.992,0.13639089465141296,0.05024927482008934,9.829715728759766
2026-09-22T10:06:09.137,0.13160525262355804,0.04546362906694412,9.848857879638672
2026-09-22T10:06:10.173,0.12203395366668701,0.04785645380616188,9.836894035339355
2026-09-22T10:06:11.208,0.13160525262355804,0.035892341285943985,9.827322959899902
2026-09-22T10:06:12.217,0.12921242415905,0.040677983313798904,9.832108497619629
2026-09-22T10:06:13.250,0.12203395366668701,0.04546362906694412,9.844072341918945
2026-09-22T10:06:14.284,0.12681959569454193,0.04785645380616188,9.848857879638672
2026-09-22T10:06:17.538,0.12681959569454193,0.04546362906694412,9.836894035339355
2026-09-22T10:06:18.571,0.12921242415905,0.04307080805301666,9.822537422180176
2026-09-22T10:06:19.601,0.12442677468061447,0.05503492057323456,9.827322959899902
2026-09-22T10:06:20.626,0.13160525262355804,0.0526420995593071,9.824930191040039
2026-09-22T10:06:21.679,0.07178468257188797,0.05503492057323456,9.827322959899902
2026-09-22T10:06:22.767,0.13639089465141296,0.059820566326379776,9.858428955078125
2026-09-22T10:06:23.804,0.11724831163883209,0.04785645380616188,9.81535816192627
2026-09-22T10:06:24.834,0.14117653667926788,0.062213387340307236,9.820143699645996
2026-09-22T10:06:25.867,0.13160525262355804,0.06939185410737991,9.868000984191895
2026-09-22T10:06:27.984,0.1459621787071228,0.05024927482008934,9.834501266479492
2026-09-22T10:06:29.024,0.13160525262355804,0.04785645380616188,9.844072341918945
2026-09-22T10:06:30.087,0.12681959569454193,0.0526420995593071,9.827322959899902
2026-09-22T10:06:32.248,0.1339980661869049,0.07178468257188797,9.822537422180176
2026-09-22T10:06:33.314,0.13639089465141296,0.059820566326379776,9.834501266479492
2026-09-22T10:06:36.430,0.13878370821475983,0.0526420995593071,9.824930191040039
2026-09-22T10:06:38.461,0.13160525262355804,0.062213387340307236,9.832108497619629
2026-09-22T10:06:39.517,0.12681959569454193,0.0526420995593071,9.841679573059082
2026-09-22T10:06:40.558,0.13160525262355804,0.059820566326379776,9.827322959899902
2026-09-22T10:06:41.592,0.12203395366668701,0.05742774158716202,9.839286804199219
2026-09-22T10:06:43.737,0.12921242415905,0.05024927482008934,9.844072341918945
2026-09-22T10:06:44.831,0.13639089465141296,0.0526420995593071,9.832108497619629
2026-09-22T10:06:45.911,0.12681959569454193,0.059820566326379776,9.829715728759766
2026-09-22T10:06:46.962,0.1339980661869049,0.05024927482008934,9.824930191040039
2026-09-22T10:06:48.001,0.13160525262355804,0.05742774158716202,9.839286804199219
2026-09-22T10:06:50.112,0.14117653667926788,0.05503492057323456,9.820143699645996
2026-09-22T10:06:51.158,0.12442677468061447,0.0526420995593071,9.827322959899902
2026-09-22T10:06:52.199,0.13160525262355804,0.059820566326379776,9.81535816192627
2026-09-22T10:06:53.246,0.12681959569454193,0.05503492057323456,9.836894035339355
2026-09-22T10:06:54.338,0.11964113265275955,0.06699903309345245,9.839286804199219
2026-09-22T10:06:55.377,0.14356936514377594,0.04546362906694412,9.829715728759766
2026-09-22T10:06:56.486,0.12921242415905,0.05503492057323456,9.836894035339355
2026-09-22T10:06:57.533,0.13160525262355804,0.062213387340307236,9.827322959899902
2026-09-22T10:07:00.660,0.13639089465141296,0.059820566326379776,9.827322959899902
2026-09-22T10:07:01.735,0.1339980661869049,0.05742774158716202,9.834501266479492
2026-09-22T10:07:02.776,0.14117653667926788,0.06699903309345245,9.820143699645996
2026-09-22T10:07:03.806,0.12921242415905,0.04785645380616188,9.829715728759766
2026-09-22T10:07:05.909,0.13639089465141296,0.05503492057323456,9.846465110778809
2026-09-22T10:07:06.996,0.12921242415905,0.0526420995593071,9.829715728759766
2026-09-22T10:07:08.043,0.13160525262355804,0.06939185410737991,9.822537422180176
2026-09-22T10:07:09.124,0.13878370821475983,0.0526420995593071,9.817750930786133
2026-09-22T10:07:10.165,0.14356936514377594,0.064606212079525,9.820143699645996
2026-09-22T10:07:11.204,0.12681959569454193,0.07178468257188797,9.832108497619629
2026-09-22T10:07:12.227,0.13639089465141296,0.05503492057323456,9.81535816192627
2026-09-22T10:07:13.327,0.12921242415905,0.05742774158716202,9.836894035339355
2026-09-22T10:07:14.397,0.1339980661869049,0.062213387340307236,9.829715728759766
2026-09-22T10:07:15.435,0.13639089465141296,0.05742774158716202,9.844072341918945
2026-09-22T10:07:16.474,0.13160525262355804,0.06699903309345245,9.834501266479492
2026-09-22T10:07:17.527,0.1339980661869049,0.059820566326379776,9.832108497619629
2026-09-22T10:07:18.613,0.13878370821475983,0.04546362906694412,9.841679573059082
2026-09-22T10:07:19.616,0.12442677468061447,0.05503492057323456,9.836894035339355
2026-09-22T10:07:21.755,0.13160525262355804,0.05742774158716202,9.834501266479492
2026-09-22T10:07:22.800,0.12921242415905,0.059820566326379776,9.829715728759766
2026-09-22T10:07:23.843,0.14356936514377594,0.05503492057323456,9.836894035339355
2026-09-22T10:07:24.885,0.12203395366668701,0.05742774158716202,9.832108497619629
2026-09-22T10:07:25.925,0.1339980661869049,0.05503492057323456,9.824930191040039
2026-09-22T10:07:27.029,0.13878370821475983,0.04785645380616188,9.817750930786133
2026-09-22T10:07:28.040,0.1339980661869049,0.062213387340307236,9.832108497619629
2026-09-22T10:07:29.047,0.12921242415905,0.064606212079525,9.827322959899902
2026-09-22T10:07:31.186,0.14117653667926788,0.059820566326379776,9.834501266479492
2026-09-22T10:07:32.215,0.12442677468061447,0.0526420995593071,9.841679573059082
2026-09-22T10:07:34.405,0.13160525262355804,0.062213387340307236,9.841679573059082
2026-09-22T10:07:35.471,0.13878370821475983,0.059820566326379776,9.832108497619629
2026-09-22T10:07:36.532,0.1339980661869049,0.062213387340307236,9.829715728759766
2026-09-22T10:07:37.620,0.13639089465141296,0.05742774158716202,9.848857879638672
2026-09-22T10:07:39.749,0.14356936514377594,0.064606212079525,9.834501266479492
2026-09-22T10:07:41.800,0.1339980661869049,0.05503492057323456,9.824930191040039
2026-09-22T10:07:43.870,0.13160525262355804,0.04546362906694412,9.820143699645996
2026-09-22T10:07:44.896,0.12681959569454193,0.059820566326379776,9.832108497619629
2026-09-22T10:07:45.941,0.13878370821475983,0.064606212079525,9.827322959899902
2026-09-22T10:07:50.175,0.12921242415905,0.062213387340307236,9.834501266479492
2026-09-22T10:07:51.281,0.14117653667926788,0.05742774158716202,9.839286804199219
2026-09-22T10:07:52.313,0.1339980661869049,0.0526420995593071,9.834501266479492
2026-09-22T10:07:53.351,0.11964113265275955,0.05503492057323456,9.829715728759766
2026-09-22T10:07:54.459,0.13878370821475983,0.05742774158716202,9.841679573059082
2026-09-22T10:07:55.468,0.13878370821475983,0.05024927482008934,9.829715728759766
2026-09-22T10:07:57.569,0.13639089465141296,0.038285162299871445,9.832108497619629
2026-09-22T10:07:58.601,0.13639089465141296,0.062213387340307236,9.820143699645996
2026-09-22T10:08:00.773,0.13160525262355804,0.062213387340307236,9.820143699645996
2026-09-22T10:08:01.786,0.1339980661869049,0.04546362906694412,9.832108497619629
2026-09-22T10:08:02.788,0.13160525262355804,0.059820566326379776,9.817750930786133
2026-09-22T10:08:03.818,0.1339980661869049,0.059820566326379776,9.829715728759766
2026-09-22T10:08:04.862,0.14117653667926788,0.05503492057323456,9.832108497619629
2026-09-22T10:08:05.911,0.13878370821475983,0.05742774158716202,9.836894035339355
2026-09-22T10:08:07.001,0.13160525262355804,0.0526420995593071,9.827322959899902
2026-09-22T10:08:08.040,0.13639089465141296,0.062213387340307236,9.817750930786133
2026-09-22T10:08:09.075,0.1339980661869049,0.0526420995593071,9.841679573059082
2026-09-22T10:08:11.252,0.14117653667926788,0.05503492057323456,9.827322959899902
2026-09-22T10:08:13.346,0.12921242415905,0.062213387340307236,9.832108497619629
2026-09-22T10:08:14.394,0.13639089465141296,0.05503492057323456,9.824930191040039
2026-09-22T10:08:16.550,0.1339980661869049,0.064606212079525,9.834501266479492
2026-09-22T10:08:18.717,0.12921242415905,0.05503492057323456,9.836894035339355
2026-09-22T10:08:19.751,0.13160525262355804,0.05742774158716202,9.832108497619629
2026-09-22T10:08:21.817,0.12681959569454193,0.0526420995593071,9.81535816192627
2026-09-22T10:08:22.851,0.13160525262355804,0.04307080805301666,9.829715728759766
2026-09-22T10:08:23.885,0.1339980661869049,0.062213387340307236,9.839286804199219
2026-09-22T10:08:24.909,0.12681959569454193,0.05503492057323456,9.827322959899902
2026-09-22T10:08:27.081,0.12681959569454193,0.05742774158716202,9.834501266479492
2026-09-22T10:08:28.120,0.12921242415905,0.062213387340307236,9.829715728759766
2026-09-22T10:08:30.257,0.14117653667926788,0.059820566326379776,9.834501266479492
2026-09-22T10:08:31.289,0.12442677468061447,0.07178468257188797,9.841679573059082
2026-09-22T10:08:32.312,0.12921242415905,0.05024927482008934,9.824930191040039
2026-09-22T10:08:33.343,0.13639089465141296,0.07178468257188797,9.841679573059082
2026-09-22T10:08:34.379,0.1339980661869049,0.059820566326379776,9.827322959899902
2026-09-22T10:08:35.495,0.12681959569454193,0.062213387340307236,9.834501266479492
2026-09-22T10:08:36.531,0.11964113265275955,0.064606212079525,9.822537422180176
2026-09-22T10:08:37.625,0.1339980661869049,0.06939185410737991,9.836894035339355
2026-09-22T10:08:38.661,0.13160525262355804,0.05742774158716202,9.822537422180176
2026-09-22T10:08:39.703,0.1339980661869049,0.059820566326379776,9.817750930786133
2026-09-22T10:08:40.724,0.12203395366668701,0.06699903309345245,9.822537422180176
2026-09-22T10:08:41.727,0.13639089465141296,0.059820566326379776,9.829715728759766
2026-09-22T10:08:42.762,-0.672383189201355,0.05742774158716202,9.846465110778809
2026-09-22T10:08:43.785,0.1339980661869049,0.20099709928035736,9.628718376159668
2026-09-22T10:08:44.810,0.11485548317432404,0.05742774158716202,9.822537422180176
2026-09-22T10:08:45.842,0.12681959569454193,0.05024927482008934,9.841679573059082
2026-09-22T10:08:46.874,0.12442677468061447,0.062213387340307236,9.834501266479492
2026-09-22T10:08:47.891,0.916451096534729,0.031106693670153618,9.824930191040039
2026-09-22T10:08:48.905,0.12681959569454193,0.062213387340307236,10.04267692565918
2026-09-22T10:08:49.941,0.13160525262355804,0.064606212079525,9.827322959899902
2026-09-22T10:08:50.979,0.12442677468061447,0.06699903309345245,9.829715728759766
2026-09-22T10:08:52.007,0.13160525262355804,0.059820566326379776,9.827322959899902
2026-09-22T10:08:55.280,0.12681959569454193,0.064606212079525,9.827322959899902
2026-09-22T10:08:56.314,0.13160525262355804,0.05742774158716202,9.824930191040039
2026-09-22T10:08:57.417,0.15074782073497772,0.05503492057323456,9.839286804199219
2026-09-22T10:08:58.475,0.12442677468061447,0.05024927482008934,9.80817985534668
